parentInstitution,neededDocument,neededFields,currentStatus,suggestedOfficialRoute,doNotInfer
ALIGARH MUSLIM UNIVERSITY,Official constituent/affiliated college list plus programme-wise admission bulletin/seat matrix,"Exact college name, campus, programme, Class XII eligibility, CUET subjects, category/quota, seats, counselling route, historical cutoff",unavailable / not yet verified,https://cuet.nta.nic.in/participating-universities/,Do not display NTA parent name as a college; do not infer affiliated colleges or eligibility.
"ASSAM UNIVERSITY, SILCHAR",Official constituent/affiliated college list plus programme-wise admission bulletin/seat matrix,"Exact college name, campus, programme, Class XII eligibility, CUET subjects, category/quota, seats, counselling route, historical cutoff",unavailable / not yet verified,https://cuet.nta.nic.in/participating-universities/,Do not display NTA parent name as a college; do not infer affiliated colleges or eligibility.
BABASAHEB BHIMRAO AMBEDKAR UNIVERSITY,Official constituent/affiliated college list plus programme-wise admission bulletin/seat matrix,"Exact college name, campus, programme, Class XII eligibility, CUET subjects, category/quota, seats, counselling route, historical cutoff",unavailable / not yet verified,https://cuet.nta.nic.in/participating-universities/,Do not display NTA parent name as a college; do not infer affiliated colleges or eligibility.
"CENTRAL SANSKRIT UNIVERSITY, NEW DELHI",Official constituent/affiliated college list plus programme-wise admission bulletin/seat matrix,"Exact college name, campus, programme, Class XII eligibility, CUET subjects, category/quota, seats, counselling route, historical cutoff",unavailable / not yet verified,https://cuet.nta.nic.in/participating-universities/,Do not display NTA parent name as a college; do not infer affiliated colleges or eligibility.
CENTRAL TRIBAL UNIVERSITY OF ANDHRA PRADESH,Official constituent/affiliated college list plus programme-wise admission bulletin/seat matrix,"Exact college name, campus, programme, Class XII eligibility, CUET subjects, category/quota, seats, counselling route, historical cutoff",unavailable / not yet verified,https://cuet.nta.nic.in/participating-universities/,Do not display NTA parent name as a college; do not infer affiliated colleges or eligibility.
CENTRAL UNIVERSITY OF ANDHRA PRADESH,Official constituent/affiliated college list plus programme-wise admission bulletin/seat matrix,"Exact college name, campus, programme, Class XII eligibility, CUET subjects, category/quota, seats, counselling route, historical cutoff",unavailable / not yet verified,https://cuet.nta.nic.in/participating-universities/,Do not display NTA parent name as a college; do not infer affiliated colleges or eligibility.
CENTRAL UNIVERSITY OF GUJARAT,Official constituent/affiliated college list plus programme-wise admission bulletin/seat matrix,"Exact college name, campus, programme, Class XII eligibility, CUET subjects, category/quota, seats, counselling route, historical cutoff",unavailable / not yet verified,https://cuet.nta.nic.in/participating-universities/,Do not display NTA parent name as a college; do not infer affiliated colleges or eligibility.
CENTRAL UNIVERSITY OF HARYANA,Official constituent/affiliated college list plus programme-wise admission bulletin/seat matrix,"Exact college name, campus, programme, Class XII eligibility, CUET subjects, category/quota, seats, counselling route, historical cutoff",unavailable / not yet verified,https://cuet.nta.nic.in/participating-universities/,Do not display NTA parent name as a college; do not infer affiliated colleges or eligibility.
CENTRAL UNIVERSITY OF HIMACHAL PRADESH,Official constituent/affiliated college list plus programme-wise admission bulletin/seat matrix,"Exact college name, campus, programme, Class XII eligibility, CUET subjects, category/quota, seats, counselling route, historical cutoff",unavailable / not yet verified,https://cuet.nta.nic.in/participating-universities/,Do not display NTA parent name as a college; do not infer affiliated colleges or eligibility.
CENTRAL UNIVERSITY OF JAMMU,Official constituent/affiliated college list plus programme-wise admission bulletin/seat matrix,"Exact college name, campus, programme, Class XII eligibility, CUET subjects, category/quota, seats, counselling route, historical cutoff",unavailable / not yet verified,https://cuet.nta.nic.in/participating-universities/,Do not display NTA parent name as a college; do not infer affiliated colleges or eligibility.
CENTRAL UNIVERSITY OF JHARKHAND,Official constituent/affiliated college list plus programme-wise admission bulletin/seat matrix,"Exact college name, campus, programme, Class XII eligibility, CUET subjects, category/quota, seats, counselling route, historical cutoff",unavailable / not yet verified,https://cuet.nta.nic.in/participating-universities/,Do not display NTA parent name as a college; do not infer affiliated colleges or eligibility.
CENTRAL UNIVERSITY OF KARNATAKA,Official constituent/affiliated college list plus programme-wise admission bulletin/seat matrix,"Exact college name, campus, programme, Class XII eligibility, CUET subjects, category/quota, seats, counselling route, historical cutoff",unavailable / not yet verified,https://cuet.nta.nic.in/participating-universities/,Do not display NTA parent name as a college; do not infer affiliated colleges or eligibility.
CENTRAL UNIVERSITY OF KASHMIR,Official constituent/affiliated college list plus programme-wise admission bulletin/seat matrix,"Exact college name, campus, programme, Class XII eligibility, CUET subjects, category/quota, seats, counselling route, historical cutoff",unavailable / not yet verified,https://cuet.nta.nic.in/participating-universities/,Do not display NTA parent name as a college; do not infer affiliated colleges or eligibility.
CENTRAL UNIVERSITY OF KERALA,Official constituent/affiliated college list plus programme-wise admission bulletin/seat matrix,"Exact college name, campus, programme, Class XII eligibility, CUET subjects, category/quota, seats, counselling route, historical cutoff",unavailable / not yet verified,https://cuet.nta.nic.in/participating-universities/,Do not display NTA parent name as a college; do not infer affiliated colleges or eligibility.
CENTRAL UNIVERSITY OF ODISHA,Official constituent/affiliated college list plus programme-wise admission bulletin/seat matrix,"Exact college name, campus, programme, Class XII eligibility, CUET subjects, category/quota, seats, counselling route, historical cutoff",unavailable / not yet verified,https://cuet.nta.nic.in/participating-universities/,Do not display NTA parent name as a college; do not infer affiliated colleges or eligibility.
CENTRAL UNIVERSITY OF PUNJAB,Official constituent/affiliated college list plus programme-wise admission bulletin/seat matrix,"Exact college name, campus, programme, Class XII eligibility, CUET subjects, category/quota, seats, counselling route, historical cutoff",unavailable / not yet verified,https://cuet.nta.nic.in/participating-universities/,Do not display NTA parent name as a college; do not infer affiliated colleges or eligibility.
CENTRAL UNIVERSITY OF RAJASTHAN,Official constituent/affiliated college list plus programme-wise admission bulletin/seat matrix,"Exact college name, campus, programme, Class XII eligibility, CUET subjects, category/quota, seats, counselling route, historical cutoff",unavailable / not yet verified,https://cuet.nta.nic.in/participating-universities/,Do not display NTA parent name as a college; do not infer affiliated colleges or eligibility.
CENTRAL UNIVERSITY OF SOUTH BIHAR,Official constituent/affiliated college list plus programme-wise admission bulletin/seat matrix,"Exact college name, campus, programme, Class XII eligibility, CUET subjects, category/quota, seats, counselling route, historical cutoff",unavailable / not yet verified,https://cuet.nta.nic.in/participating-universities/,Do not display NTA parent name as a college; do not infer affiliated colleges or eligibility.
CENTRAL UNIVERSITY OF TAMIL NADU,Official constituent/affiliated college list plus programme-wise admission bulletin/seat matrix,"Exact college name, campus, programme, Class XII eligibility, CUET subjects, category/quota, seats, counselling route, historical cutoff",unavailable / not yet verified,https://cuet.nta.nic.in/participating-universities/,Do not display NTA parent name as a college; do not infer affiliated colleges or eligibility.
DR. HARISINGH GOUR VISHWAVIDYALAYA,Official constituent/affiliated college list plus programme-wise admission bulletin/seat matrix,"Exact college name, campus, programme, Class XII eligibility, CUET subjects, category/quota, seats, counselling route, historical cutoff",unavailable / not yet verified,https://cuet.nta.nic.in/participating-universities/,Do not display NTA parent name as a college; do not infer affiliated colleges or eligibility.
GURU GHASIDAS VISHWAVIDYALAYA,Official constituent/affiliated college list plus programme-wise admission bulletin/seat matrix,"Exact college name, campus, programme, Class XII eligibility, CUET subjects, category/quota, seats, counselling route, historical cutoff",unavailable / not yet verified,https://cuet.nta.nic.in/participating-universities/,Do not display NTA parent name as a college; do not infer affiliated colleges or eligibility.
HNB GARHWAL UNIVERSITY SRINAGAR GARHWAL,Official constituent/affiliated college list plus programme-wise admission bulletin/seat matrix,"Exact college name, campus, programme, Class XII eligibility, CUET subjects, category/quota, seats, counselling route, historical cutoff",unavailable / not yet verified,https://cuet.nta.nic.in/participating-universities/,Do not display NTA parent name as a college; do not infer affiliated colleges or eligibility.
IIT DHARWAD,Official constituent/affiliated college list plus programme-wise admission bulletin/seat matrix,"Exact college name, campus, programme, Class XII eligibility, CUET subjects, category/quota, seats, counselling route, historical cutoff",unavailable / not yet verified,https://cuet.nta.nic.in/participating-universities/,Do not display NTA parent name as a college; do not infer affiliated colleges or eligibility.
INDIRA GANDHI NATIONAL TRIBAL UNIVERSITY,Official constituent/affiliated college list plus programme-wise admission bulletin/seat matrix,"Exact college name, campus, programme, Class XII eligibility, CUET subjects, category/quota, seats, counselling route, historical cutoff",unavailable / not yet verified,https://cuet.nta.nic.in/participating-universities/,Do not display NTA parent name as a college; do not infer affiliated colleges or eligibility.
JAMIA MILLIA ISLAMIA,Official constituent/affiliated college list plus programme-wise admission bulletin/seat matrix,"Exact college name, campus, programme, Class XII eligibility, CUET subjects, category/quota, seats, counselling route, historical cutoff",unavailable / not yet verified,https://cuet.nta.nic.in/participating-universities/,Do not display NTA parent name as a college; do not infer affiliated colleges or eligibility.
JAWAHARLAL NEHRU UNIVERSITY,Official constituent/affiliated college list plus programme-wise admission bulletin/seat matrix,"Exact college name, campus, programme, Class XII eligibility, CUET subjects, category/quota, seats, counselling route, historical cutoff",unavailable / not yet verified,https://cuet.nta.nic.in/participating-universities/,Do not display NTA parent name as a college; do not infer affiliated colleges or eligibility.
MAHATMA GANDHI ANTARRASHTRIYA HINDI VISHWAVIDYALAYA,Official constituent/affiliated college list plus programme-wise admission bulletin/seat matrix,"Exact college name, campus, programme, Class XII eligibility, CUET subjects, category/quota, seats, counselling route, historical cutoff",unavailable / not yet verified,https://cuet.nta.nic.in/participating-universities/,Do not display NTA parent name as a college; do not infer affiliated colleges or eligibility.
MAHATMA GANDHI CENTRAL UNIVERSITY,Official constituent/affiliated college list plus programme-wise admission bulletin/seat matrix,"Exact college name, campus, programme, Class XII eligibility, CUET subjects, category/quota, seats, counselling route, historical cutoff",unavailable / not yet verified,https://cuet.nta.nic.in/participating-universities/,Do not display NTA parent name as a college; do not infer affiliated colleges or eligibility.
MANIPUR UNIVERSITY,Official constituent/affiliated college list plus programme-wise admission bulletin/seat matrix,"Exact college name, campus, programme, Class XII eligibility, CUET subjects, category/quota, seats, counselling route, historical cutoff",unavailable / not yet verified,https://cuet.nta.nic.in/participating-universities/,Do not display NTA parent name as a college; do not infer affiliated colleges or eligibility.
MAULANA AZAD NATIONAL URDU UNIVERSITY,Official constituent/affiliated college list plus programme-wise admission bulletin/seat matrix,"Exact college name, campus, programme, Class XII eligibility, CUET subjects, category/quota, seats, counselling route, historical cutoff",unavailable / not yet verified,https://cuet.nta.nic.in/participating-universities/,Do not display NTA parent name as a college; do not infer affiliated colleges or eligibility.
MIZORAM UNIVERSITY,Official constituent/affiliated college list plus programme-wise admission bulletin/seat matrix,"Exact college name, campus, programme, Class XII eligibility, CUET subjects, category/quota, seats, counselling route, historical cutoff",unavailable / not yet verified,https://cuet.nta.nic.in/participating-universities/,Do not display NTA parent name as a college; do not infer affiliated colleges or eligibility.
NAGALAND UNIVERSITY,Official constituent/affiliated college list plus programme-wise admission bulletin/seat matrix,"Exact college name, campus, programme, Class XII eligibility, CUET subjects, category/quota, seats, counselling route, historical cutoff",unavailable / not yet verified,https://cuet.nta.nic.in/participating-universities/,Do not display NTA parent name as a college; do not infer affiliated colleges or eligibility.
NATIONAL SANSKRIT UNIVERSITY,Official constituent/affiliated college list plus programme-wise admission bulletin/seat matrix,"Exact college name, campus, programme, Class XII eligibility, CUET subjects, category/quota, seats, counselling route, historical cutoff",unavailable / not yet verified,https://cuet.nta.nic.in/participating-universities/,Do not display NTA parent name as a college; do not infer affiliated colleges or eligibility.
NORTH-EASTERN HILL UNIVERSITY,Official constituent/affiliated college list plus programme-wise admission bulletin/seat matrix,"Exact college name, campus, programme, Class XII eligibility, CUET subjects, category/quota, seats, counselling route, historical cutoff",unavailable / not yet verified,https://cuet.nta.nic.in/participating-universities/,Do not display NTA parent name as a college; do not infer affiliated colleges or eligibility.
PONDICHERRY UNIVERSITY,Official constituent/affiliated college list plus programme-wise admission bulletin/seat matrix,"Exact college name, campus, programme, Class XII eligibility, CUET subjects, category/quota, seats, counselling route, historical cutoff",unavailable / not yet verified,https://cuet.nta.nic.in/participating-universities/,Do not display NTA parent name as a college; do not infer affiliated colleges or eligibility.
RAJIV GANDHI NATIONAL AVIATION UNIVERSITY,Official constituent/affiliated college list plus programme-wise admission bulletin/seat matrix,"Exact college name, campus, programme, Class XII eligibility, CUET subjects, category/quota, seats, counselling route, historical cutoff",unavailable / not yet verified,https://cuet.nta.nic.in/participating-universities/,Do not display NTA parent name as a college; do not infer affiliated colleges or eligibility.
RAJIV GANDHI UNIVERSITY,Official constituent/affiliated college list plus programme-wise admission bulletin/seat matrix,"Exact college name, campus, programme, Class XII eligibility, CUET subjects, category/quota, seats, counselling route, historical cutoff",unavailable / not yet verified,https://cuet.nta.nic.in/participating-universities/,Do not display NTA parent name as a college; do not infer affiliated colleges or eligibility.
SAMMAKKA SARAKKA CENTRAL TRIBAL UNIVERSITY,Official constituent/affiliated college list plus programme-wise admission bulletin/seat matrix,"Exact college name, campus, programme, Class XII eligibility, CUET subjects, category/quota, seats, counselling route, historical cutoff",unavailable / not yet verified,https://cuet.nta.nic.in/participating-universities/,Do not display NTA parent name as a college; do not infer affiliated colleges or eligibility.
SHRI LAL BAHADUR SHASTRI NATIONAL SANSKRIT UNIVERSITY,Official constituent/affiliated college list plus programme-wise admission bulletin/seat matrix,"Exact college name, campus, programme, Class XII eligibility, CUET subjects, category/quota, seats, counselling route, historical cutoff",unavailable / not yet verified,https://cuet.nta.nic.in/participating-universities/,Do not display NTA parent name as a college; do not infer affiliated colleges or eligibility.
"SIKKIM UNIVERSITY, GANGTOK",Official constituent/affiliated college list plus programme-wise admission bulletin/seat matrix,"Exact college name, campus, programme, Class XII eligibility, CUET subjects, category/quota, seats, counselling route, historical cutoff",unavailable / not yet verified,https://cuet.nta.nic.in/participating-universities/,Do not display NTA parent name as a college; do not infer affiliated colleges or eligibility.
SOUTH ASIAN UNIVERSITY,Official constituent/affiliated college list plus programme-wise admission bulletin/seat matrix,"Exact college name, campus, programme, Class XII eligibility, CUET subjects, category/quota, seats, counselling route, historical cutoff",unavailable / not yet verified,https://cuet.nta.nic.in/participating-universities/,Do not display NTA parent name as a college; do not infer affiliated colleges or eligibility.
TEZPUR UNIVERSITY,Official constituent/affiliated college list plus programme-wise admission bulletin/seat matrix,"Exact college name, campus, programme, Class XII eligibility, CUET subjects, category/quota, seats, counselling route, historical cutoff",unavailable / not yet verified,https://cuet.nta.nic.in/participating-universities/,Do not display NTA parent name as a college; do not infer affiliated colleges or eligibility.
"THE ENGLISH AND FOREIGN LANGUAGES UNIVERSITY, HYDERABAD",Official constituent/affiliated college list plus programme-wise admission bulletin/seat matrix,"Exact college name, campus, programme, Class XII eligibility, CUET subjects, category/quota, seats, counselling route, historical cutoff",unavailable / not yet verified,https://cuet.nta.nic.in/participating-universities/,Do not display NTA parent name as a college; do not infer affiliated colleges or eligibility.
TRIPURA UNIVERSITY,Official constituent/affiliated college list plus programme-wise admission bulletin/seat matrix,"Exact college name, campus, programme, Class XII eligibility, CUET subjects, category/quota, seats, counselling route, historical cutoff",unavailable / not yet verified,https://cuet.nta.nic.in/participating-universities/,Do not display NTA parent name as a college; do not infer affiliated colleges or eligibility.
UNIVERSITY OF HYDERABAD,Official constituent/affiliated college list plus programme-wise admission bulletin/seat matrix,"Exact college name, campus, programme, Class XII eligibility, CUET subjects, category/quota, seats, counselling route, historical cutoff",unavailable / not yet verified,https://cuet.nta.nic.in/participating-universities/,Do not display NTA parent name as a college; do not infer affiliated colleges or eligibility.
VISVA-BHARATI UNIVERSITY,Official constituent/affiliated college list plus programme-wise admission bulletin/seat matrix,"Exact college name, campus, programme, Class XII eligibility, CUET subjects, category/quota, seats, counselling route, historical cutoff",unavailable / not yet verified,https://cuet.nta.nic.in/participating-universities/,Do not display NTA parent name as a college; do not infer affiliated colleges or eligibility.
BABA GHULAM SHAH UNIVERSITY,Official constituent/affiliated college list plus programme-wise admission bulletin/seat matrix,"Exact college name, campus, programme, Class XII eligibility, CUET subjects, category/quota, seats, counselling route, historical cutoff",unavailable / not yet verified,https://cuet.nta.nic.in/participating-universities/,Do not display NTA parent name as a college; do not infer affiliated colleges or eligibility.
BARKATULLAH UNIVERSITY,Official constituent/affiliated college list plus programme-wise admission bulletin/seat matrix,"Exact college name, campus, programme, Class XII eligibility, CUET subjects, category/quota, seats, counselling route, historical cutoff",unavailable / not yet verified,https://cuet.nta.nic.in/participating-universities/,Do not display NTA parent name as a college; do not infer affiliated colleges or eligibility.
BHATTADEV UNIVERSITY,Official constituent/affiliated college list plus programme-wise admission bulletin/seat matrix,"Exact college name, campus, programme, Class XII eligibility, CUET subjects, category/quota, seats, counselling route, historical cutoff",unavailable / not yet verified,https://cuet.nta.nic.in/participating-universities/,Do not display NTA parent name as a college; do not infer affiliated colleges or eligibility.
"BIRANGANA SATI SADHANI RAJYIK VISHWAVIDYALAYA, GOLAGHAT, ASSAM",Official constituent/affiliated college list plus programme-wise admission bulletin/seat matrix,"Exact college name, campus, programme, Class XII eligibility, CUET subjects, category/quota, seats, counselling route, historical cutoff",unavailable / not yet verified,https://cuet.nta.nic.in/participating-universities/,Do not display NTA parent name as a college; do not infer affiliated colleges or eligibility.
CLUSTER UNIVERSITY OF JAMMU,Official constituent/affiliated college list plus programme-wise admission bulletin/seat matrix,"Exact college name, campus, programme, Class XII eligibility, CUET subjects, category/quota, seats, counselling route, historical cutoff",unavailable / not yet verified,https://cuet.nta.nic.in/participating-universities/,Do not display NTA parent name as a college; do not infer affiliated colleges or eligibility.
CLUSTER UNIVERSITY OF SRINAGAR,Official constituent/affiliated college list plus programme-wise admission bulletin/seat matrix,"Exact college name, campus, programme, Class XII eligibility, CUET subjects, category/quota, seats, counselling route, historical cutoff",unavailable / not yet verified,https://cuet.nta.nic.in/participating-universities/,Do not display NTA parent name as a college; do not infer affiliated colleges or eligibility.
DELHI TEACHERS UNIVERSITY,Official constituent/affiliated college list plus programme-wise admission bulletin/seat matrix,"Exact college name, campus, programme, Class XII eligibility, CUET subjects, category/quota, seats, counselling route, historical cutoff",unavailable / not yet verified,https://cuet.nta.nic.in/participating-universities/,Do not display NTA parent name as a college; do not infer affiliated colleges or eligibility.
DELHI TECHNOLOGICAL UNIVERSITY,Official constituent/affiliated college list plus programme-wise admission bulletin/seat matrix,"Exact college name, campus, programme, Class XII eligibility, CUET subjects, category/quota, seats, counselling route, historical cutoff",unavailable / not yet verified,https://cuet.nta.nic.in/participating-universities/,Do not display NTA parent name as a college; do not infer affiliated colleges or eligibility.
"DEVI AHILYA VISHWAVIDYALAYA, INDORE (M.P.)",Official constituent/affiliated college list plus programme-wise admission bulletin/seat matrix,"Exact college name, campus, programme, Class XII eligibility, CUET subjects, category/quota, seats, counselling route, historical cutoff",unavailable / not yet verified,https://cuet.nta.nic.in/participating-universities/,Do not display NTA parent name as a college; do not infer affiliated colleges or eligibility.
"DIBRUGARH UNIVERSITY, DIBRUGARH, ASSAM",Official constituent/affiliated college list plus programme-wise admission bulletin/seat matrix,"Exact college name, campus, programme, Class XII eligibility, CUET subjects, category/quota, seats, counselling route, historical cutoff",unavailable / not yet verified,https://cuet.nta.nic.in/participating-universities/,Do not display NTA parent name as a college; do not infer affiliated colleges or eligibility.
"DR. A.P.J. ABDUL KALAM TECHNICAL UNIVERSITY, UTTAR PRADESH, LUCKNOW",Official constituent/affiliated college list plus programme-wise admission bulletin/seat matrix,"Exact college name, campus, programme, Class XII eligibility, CUET subjects, category/quota, seats, counselling route, historical cutoff",unavailable / not yet verified,https://cuet.nta.nic.in/participating-universities/,Do not display NTA parent name as a college; do not infer affiliated colleges or eligibility.
DR. B.R. AMBEDKAR UNIVERSITY DELHI,Official constituent/affiliated college list plus programme-wise admission bulletin/seat matrix,"Exact college name, campus, programme, Class XII eligibility, CUET subjects, category/quota, seats, counselling route, historical cutoff",unavailable / not yet verified,https://cuet.nta.nic.in/participating-universities/,Do not display NTA parent name as a college; do not infer affiliated colleges or eligibility.
"DR. RAMMANOHAR LOHIA AVADH UNIVERSITY, AYODHYA(U.P.)",Official constituent/affiliated college list plus programme-wise admission bulletin/seat matrix,"Exact college name, campus, programme, Class XII eligibility, CUET subjects, category/quota, seats, counselling route, historical cutoff",unavailable / not yet verified,https://cuet.nta.nic.in/participating-universities/,Do not display NTA parent name as a college; do not infer affiliated colleges or eligibility.
"DR. SHAKUNTALA MISRA NATIONAL REHABILITATION UNIVERSITY, LUCKNOW",Official constituent/affiliated college list plus programme-wise admission bulletin/seat matrix,"Exact college name, campus, programme, Class XII eligibility, CUET subjects, category/quota, seats, counselling route, historical cutoff",unavailable / not yet verified,https://cuet.nta.nic.in/participating-universities/,Do not display NTA parent name as a college; do not infer affiliated colleges or eligibility.
"DR.B.R. AMBEDKAR SCHOOL OF ECONOMICS UNIVERSITY, BENGALURU",Official constituent/affiliated college list plus programme-wise admission bulletin/seat matrix,"Exact college name, campus, programme, Class XII eligibility, CUET subjects, category/quota, seats, counselling route, historical cutoff",unavailable / not yet verified,https://cuet.nta.nic.in/participating-universities/,Do not display NTA parent name as a college; do not infer affiliated colleges or eligibility.
GAUTAM BUDDHA UNIVERSITY,Official constituent/affiliated college list plus programme-wise admission bulletin/seat matrix,"Exact college name, campus, programme, Class XII eligibility, CUET subjects, category/quota, seats, counselling route, historical cutoff",unavailable / not yet verified,https://cuet.nta.nic.in/participating-universities/,Do not display NTA parent name as a college; do not infer affiliated colleges or eligibility.
GOVT. DEGREE COLLEGE (AUTONOMOUS) BARAMULLA,Official constituent/affiliated college list plus programme-wise admission bulletin/seat matrix,"Exact college name, campus, programme, Class XII eligibility, CUET subjects, category/quota, seats, counselling route, historical cutoff",unavailable / not yet verified,https://cuet.nta.nic.in/participating-universities/,Do not display NTA parent name as a college; do not infer affiliated colleges or eligibility.
HARCOURT BUTLER TECHNICAL UNIVERSITY KANPUR (UP),Official constituent/affiliated college list plus programme-wise admission bulletin/seat matrix,"Exact college name, campus, programme, Class XII eligibility, CUET subjects, category/quota, seats, counselling route, historical cutoff",unavailable / not yet verified,https://cuet.nta.nic.in/participating-universities/,Do not display NTA parent name as a college; do not infer affiliated colleges or eligibility.
INDIRA GANDHI DELHI TECHNICAL UNIVERSITY FOR WOMEN,Official constituent/affiliated college list plus programme-wise admission bulletin/seat matrix,"Exact college name, campus, programme, Class XII eligibility, CUET subjects, category/quota, seats, counselling route, historical cutoff",unavailable / not yet verified,https://cuet.nta.nic.in/participating-universities/,Do not display NTA parent name as a college; do not infer affiliated colleges or eligibility.
ISLAMIA COLLEGE OF SCIENCE AND COMMERCE SRINAGAR,Official constituent/affiliated college list plus programme-wise admission bulletin/seat matrix,"Exact college name, campus, programme, Class XII eligibility, CUET subjects, category/quota, seats, counselling route, historical cutoff",unavailable / not yet verified,https://cuet.nta.nic.in/participating-universities/,Do not display NTA parent name as a college; do not infer affiliated colleges or eligibility.
"ISLAMIC UNIVERSITY OF SCIENCE AND TECHNOLOGY, KASHMIR",Official constituent/affiliated college list plus programme-wise admission bulletin/seat matrix,"Exact college name, campus, programme, Class XII eligibility, CUET subjects, category/quota, seats, counselling route, historical cutoff",unavailable / not yet verified,https://cuet.nta.nic.in/participating-universities/,Do not display NTA parent name as a college; do not infer affiliated colleges or eligibility.
JAGADGURU RAMBHADRACHARYA DIVYANG STATE UNIVERSITY,Official constituent/affiliated college list plus programme-wise admission bulletin/seat matrix,"Exact college name, campus, programme, Class XII eligibility, CUET subjects, category/quota, seats, counselling route, historical cutoff",unavailable / not yet verified,https://cuet.nta.nic.in/participating-universities/,Do not display NTA parent name as a college; do not infer affiliated colleges or eligibility.
"JAGANNATH BAROOAH UNIVERSITY, JORHAT",Official constituent/affiliated college list plus programme-wise admission bulletin/seat matrix,"Exact college name, campus, programme, Class XII eligibility, CUET subjects, category/quota, seats, counselling route, historical cutoff",unavailable / not yet verified,https://cuet.nta.nic.in/participating-universities/,Do not display NTA parent name as a college; do not infer affiliated colleges or eligibility.
KUMAR BHASKAR VARMA SANSKRIT AND ANCIENT STUDIES UNIVERSITY,Official constituent/affiliated college list plus programme-wise admission bulletin/seat matrix,"Exact college name, campus, programme, Class XII eligibility, CUET subjects, category/quota, seats, counselling route, historical cutoff",unavailable / not yet verified,https://cuet.nta.nic.in/participating-universities/,Do not display NTA parent name as a college; do not infer affiliated colleges or eligibility.
MADAN MOHAN MALAVIYA UNIVERSITY OF TECHNOLOGY,Official constituent/affiliated college list plus programme-wise admission bulletin/seat matrix,"Exact college name, campus, programme, Class XII eligibility, CUET subjects, category/quota, seats, counselling route, historical cutoff",unavailable / not yet verified,https://cuet.nta.nic.in/participating-universities/,Do not display NTA parent name as a college; do not infer affiliated colleges or eligibility.
MADHABDEV UNIVERSITY,Official constituent/affiliated college list plus programme-wise admission bulletin/seat matrix,"Exact college name, campus, programme, Class XII eligibility, CUET subjects, category/quota, seats, counselling route, historical cutoff",unavailable / not yet verified,https://cuet.nta.nic.in/participating-universities/,Do not display NTA parent name as a college; do not infer affiliated colleges or eligibility.
MAHARAJA CHHATRASAL BUNDELKHAND UNIVERSITY,Official constituent/affiliated college list plus programme-wise admission bulletin/seat matrix,"Exact college name, campus, programme, Class XII eligibility, CUET subjects, category/quota, seats, counselling route, historical cutoff",unavailable / not yet verified,https://cuet.nta.nic.in/participating-universities/,Do not display NTA parent name as a college; do not infer affiliated colleges or eligibility.
MAHARAJA SURAJMAL BRIJ UNIVERSITY BHARATPUR,Official constituent/affiliated college list plus programme-wise admission bulletin/seat matrix,"Exact college name, campus, programme, Class XII eligibility, CUET subjects, category/quota, seats, counselling route, historical cutoff",unavailable / not yet verified,https://cuet.nta.nic.in/participating-universities/,Do not display NTA parent name as a college; do not infer affiliated colleges or eligibility.
"MAHARANA PRATAP HORTICULTURAL UNIVERSITY, KARNAL",Official constituent/affiliated college list plus programme-wise admission bulletin/seat matrix,"Exact college name, campus, programme, Class XII eligibility, CUET subjects, category/quota, seats, counselling route, historical cutoff",unavailable / not yet verified,https://cuet.nta.nic.in/participating-universities/,Do not display NTA parent name as a college; do not infer affiliated colleges or eligibility.
MAKHANLAL CHATURVEDI UNIVERSITY,Official constituent/affiliated college list plus programme-wise admission bulletin/seat matrix,"Exact college name, campus, programme, Class XII eligibility, CUET subjects, category/quota, seats, counselling route, historical cutoff",unavailable / not yet verified,https://cuet.nta.nic.in/participating-universities/,Do not display NTA parent name as a college; do not infer affiliated colleges or eligibility.
NAGAON UNIVERSITY,Official constituent/affiliated college list plus programme-wise admission bulletin/seat matrix,"Exact college name, campus, programme, Class XII eligibility, CUET subjects, category/quota, seats, counselling route, historical cutoff",unavailable / not yet verified,https://cuet.nta.nic.in/participating-universities/,Do not display NTA parent name as a college; do not infer affiliated colleges or eligibility.
NORTH LAKHIMPUR UNIVERSITY,Official constituent/affiliated college list plus programme-wise admission bulletin/seat matrix,"Exact college name, campus, programme, Class XII eligibility, CUET subjects, category/quota, seats, counselling route, historical cutoff",unavailable / not yet verified,https://cuet.nta.nic.in/participating-universities/,Do not display NTA parent name as a college; do not infer affiliated colleges or eligibility.
RATAN TATA MAHRASHTRA STATE SKILLS UNIVERSITY,Official constituent/affiliated college list plus programme-wise admission bulletin/seat matrix,"Exact college name, campus, programme, Class XII eligibility, CUET subjects, category/quota, seats, counselling route, historical cutoff",unavailable / not yet verified,https://cuet.nta.nic.in/participating-universities/,Do not display NTA parent name as a college; do not infer affiliated colleges or eligibility.
"SAMRAT VIKRMADITYA VISHWAVIDYALAY, UJJAIN (MP)",Official constituent/affiliated college list plus programme-wise admission bulletin/seat matrix,"Exact college name, campus, programme, Class XII eligibility, CUET subjects, category/quota, seats, counselling route, historical cutoff",unavailable / not yet verified,https://cuet.nta.nic.in/participating-universities/,Do not display NTA parent name as a college; do not infer affiliated colleges or eligibility.
"SARDAR PATEL UNIVERSITY OF POLICE, SECURITY AND CRIMINAL JUSTICE",Official constituent/affiliated college list plus programme-wise admission bulletin/seat matrix,"Exact college name, campus, programme, Class XII eligibility, CUET subjects, category/quota, seats, counselling route, historical cutoff",unavailable / not yet verified,https://cuet.nta.nic.in/participating-universities/,Do not display NTA parent name as a college; do not infer affiliated colleges or eligibility.
SHRI MATA VAISHNO DEVI UNIVERSITY,Official constituent/affiliated college list plus programme-wise admission bulletin/seat matrix,"Exact college name, campus, programme, Class XII eligibility, CUET subjects, category/quota, seats, counselling route, historical cutoff",unavailable / not yet verified,https://cuet.nta.nic.in/participating-universities/,Do not display NTA parent name as a college; do not infer affiliated colleges or eligibility.
SIBSAGAR UNIVERSITY,Official constituent/affiliated college list plus programme-wise admission bulletin/seat matrix,"Exact college name, campus, programme, Class XII eligibility, CUET subjects, category/quota, seats, counselling route, historical cutoff",unavailable / not yet verified,https://cuet.nta.nic.in/participating-universities/,Do not display NTA parent name as a college; do not infer affiliated colleges or eligibility.
UNIVERSITY OF JAMMU,Official constituent/affiliated college list plus programme-wise admission bulletin/seat matrix,"Exact college name, campus, programme, Class XII eligibility, CUET subjects, category/quota, seats, counselling route, historical cutoff",unavailable / not yet verified,https://cuet.nta.nic.in/participating-universities/,Do not display NTA parent name as a college; do not infer affiliated colleges or eligibility.
UNIVERSITY OF KASHMIR,Official constituent/affiliated college list plus programme-wise admission bulletin/seat matrix,"Exact college name, campus, programme, Class XII eligibility, CUET subjects, category/quota, seats, counselling route, historical cutoff",unavailable / not yet verified,https://cuet.nta.nic.in/participating-universities/,Do not display NTA parent name as a college; do not infer affiliated colleges or eligibility.
UNIVERSITY OF LADAKH,Official constituent/affiliated college list plus programme-wise admission bulletin/seat matrix,"Exact college name, campus, programme, Class XII eligibility, CUET subjects, category/quota, seats, counselling route, historical cutoff",unavailable / not yet verified,https://cuet.nta.nic.in/participating-universities/,Do not display NTA parent name as a college; do not infer affiliated colleges or eligibility.
AVINASHILINGAM INSTITUTE FOR HOME SCIENCE AND HIGHER EDUCATION FOR WOMEN,Official constituent/affiliated college list plus programme-wise admission bulletin/seat matrix,"Exact college name, campus, programme, Class XII eligibility, CUET subjects, category/quota, seats, counselling route, historical cutoff",unavailable / not yet verified,https://cuet.nta.nic.in/participating-universities/,Do not display NTA parent name as a college; do not infer affiliated colleges or eligibility.
CHINMAYA VISHWAVIDYAPEETH,Official constituent/affiliated college list plus programme-wise admission bulletin/seat matrix,"Exact college name, campus, programme, Class XII eligibility, CUET subjects, category/quota, seats, counselling route, historical cutoff",unavailable / not yet verified,https://cuet.nta.nic.in/participating-universities/,Do not display NTA parent name as a college; do not infer affiliated colleges or eligibility.
DAYALBAGH EDUCATIONAL INSTITUTE,Official constituent/affiliated college list plus programme-wise admission bulletin/seat matrix,"Exact college name, campus, programme, Class XII eligibility, CUET subjects, category/quota, seats, counselling route, historical cutoff",unavailable / not yet verified,https://cuet.nta.nic.in/participating-universities/,Do not display NTA parent name as a college; do not infer affiliated colleges or eligibility.
GITAM (VISHAKHAPATNAM),Official constituent/affiliated college list plus programme-wise admission bulletin/seat matrix,"Exact college name, campus, programme, Class XII eligibility, CUET subjects, category/quota, seats, counselling route, historical cutoff",unavailable / not yet verified,https://cuet.nta.nic.in/participating-universities/,Do not display NTA parent name as a college; do not infer affiliated colleges or eligibility.
GITAM(BLR),Official constituent/affiliated college list plus programme-wise admission bulletin/seat matrix,"Exact college name, campus, programme, Class XII eligibility, CUET subjects, category/quota, seats, counselling route, historical cutoff",unavailable / not yet verified,https://cuet.nta.nic.in/participating-universities/,Do not display NTA parent name as a college; do not infer affiliated colleges or eligibility.
GITAM(HYD),Official constituent/affiliated college list plus programme-wise admission bulletin/seat matrix,"Exact college name, campus, programme, Class XII eligibility, CUET subjects, category/quota, seats, counselling route, historical cutoff",unavailable / not yet verified,https://cuet.nta.nic.in/participating-universities/,Do not display NTA parent name as a college; do not infer affiliated colleges or eligibility.
GOKHALE INSTITUTE OF POLITICS AND ECONOMICS,Official constituent/affiliated college list plus programme-wise admission bulletin/seat matrix,"Exact college name, campus, programme, Class XII eligibility, CUET subjects, category/quota, seats, counselling route, historical cutoff",unavailable / not yet verified,https://cuet.nta.nic.in/participating-universities/,Do not display NTA parent name as a college; do not infer affiliated colleges or eligibility.
"GRAPHIC ERA UNIVERSITY, DEHRADUN, UTTARAKHAND",Official constituent/affiliated college list plus programme-wise admission bulletin/seat matrix,"Exact college name, campus, programme, Class XII eligibility, CUET subjects, category/quota, seats, counselling route, historical cutoff",unavailable / not yet verified,https://cuet.nta.nic.in/participating-universities/,Do not display NTA parent name as a college; do not infer affiliated colleges or eligibility.
GUJARAT VIDYAPITH UNIVERSITY,Official constituent/affiliated college list plus programme-wise admission bulletin/seat matrix,"Exact college name, campus, programme, Class XII eligibility, CUET subjects, category/quota, seats, counselling route, historical cutoff",unavailable / not yet verified,https://cuet.nta.nic.in/participating-universities/,Do not display NTA parent name as a college; do not infer affiliated colleges or eligibility.
GURUKULA KANGRI UNIVERSITY,Official constituent/affiliated college list plus programme-wise admission bulletin/seat matrix,"Exact college name, campus, programme, Class XII eligibility, CUET subjects, category/quota, seats, counselling route, historical cutoff",unavailable / not yet verified,https://cuet.nta.nic.in/participating-universities/,Do not display NTA parent name as a college; do not infer affiliated colleges or eligibility.
ICFAI(HYDERABAD),Official constituent/affiliated college list plus programme-wise admission bulletin/seat matrix,"Exact college name, campus, programme, Class XII eligibility, CUET subjects, category/quota, seats, counselling route, historical cutoff",unavailable / not yet verified,https://cuet.nta.nic.in/participating-universities/,Do not display NTA parent name as a college; do not infer affiliated colleges or eligibility.
"IIS (DEEMED TO BE UNIVERSITY), JAIPUR",Official constituent/affiliated college list plus programme-wise admission bulletin/seat matrix,"Exact college name, campus, programme, Class XII eligibility, CUET subjects, category/quota, seats, counselling route, historical cutoff",unavailable / not yet verified,https://cuet.nta.nic.in/participating-universities/,Do not display NTA parent name as a college; do not infer affiliated colleges or eligibility.
JAMIA HAMDARD,Official constituent/affiliated college list plus programme-wise admission bulletin/seat matrix,"Exact college name, campus, programme, Class XII eligibility, CUET subjects, category/quota, seats, counselling route, historical cutoff",unavailable / not yet verified,https://cuet.nta.nic.in/participating-universities/,Do not display NTA parent name as a college; do not infer affiliated colleges or eligibility.
JAYPEE INSTITUTE OF INFORMATION TECHNOLOGY,Official constituent/affiliated college list plus programme-wise admission bulletin/seat matrix,"Exact college name, campus, programme, Class XII eligibility, CUET subjects, category/quota, seats, counselling route, historical cutoff",unavailable / not yet verified,https://cuet.nta.nic.in/participating-universities/,Do not display NTA parent name as a college; do not infer affiliated colleges or eligibility.
KIET-KRISHNA INSTITUTE OF ENGINEERING & TECHNOLOGY,Official constituent/affiliated college list plus programme-wise admission bulletin/seat matrix,"Exact college name, campus, programme, Class XII eligibility, CUET subjects, category/quota, seats, counselling route, historical cutoff",unavailable / not yet verified,https://cuet.nta.nic.in/participating-universities/,Do not display NTA parent name as a college; do not infer affiliated colleges or eligibility.
LAKSHMIBAI NATIONAL INSTITUTE OF PHYSICAL EDUCATION,Official constituent/affiliated college list plus programme-wise admission bulletin/seat matrix,"Exact college name, campus, programme, Class XII eligibility, CUET subjects, category/quota, seats, counselling route, historical cutoff",unavailable / not yet verified,https://cuet.nta.nic.in/participating-universities/,Do not display NTA parent name as a college; do not infer affiliated colleges or eligibility.
LINGYA'S VIDYAPEETH UNIVERSITY,Official constituent/affiliated college list plus programme-wise admission bulletin/seat matrix,"Exact college name, campus, programme, Class XII eligibility, CUET subjects, category/quota, seats, counselling route, historical cutoff",unavailable / not yet verified,https://cuet.nta.nic.in/participating-universities/,Do not display NTA parent name as a college; do not infer affiliated colleges or eligibility.
"MAHARISHI MARKANDESHWAR (DEEMED TO BE UNIVERSITY), MULLANA - AMBALA",Official constituent/affiliated college list plus programme-wise admission bulletin/seat matrix,"Exact college name, campus, programme, Class XII eligibility, CUET subjects, category/quota, seats, counselling route, historical cutoff",unavailable / not yet verified,https://cuet.nta.nic.in/participating-universities/,Do not display NTA parent name as a college; do not infer affiliated colleges or eligibility.
MALLA REDDY VISHWAVIDYAPEETH,Official constituent/affiliated college list plus programme-wise admission bulletin/seat matrix,"Exact college name, campus, programme, Class XII eligibility, CUET subjects, category/quota, seats, counselling route, historical cutoff",unavailable / not yet verified,https://cuet.nta.nic.in/participating-universities/,Do not display NTA parent name as a college; do not infer affiliated colleges or eligibility.
MANAV RACHNA INTERNATIONAL INSTITUTE OF RESEARCH AND STUDIES,Official constituent/affiliated college list plus programme-wise admission bulletin/seat matrix,"Exact college name, campus, programme, Class XII eligibility, CUET subjects, category/quota, seats, counselling route, historical cutoff",unavailable / not yet verified,https://cuet.nta.nic.in/participating-universities/,Do not display NTA parent name as a college; do not infer affiliated colleges or eligibility.
NEHRU GRAM BHARATI (DEEMED TO BE UNIVERSITY),Official constituent/affiliated college list plus programme-wise admission bulletin/seat matrix,"Exact college name, campus, programme, Class XII eligibility, CUET subjects, category/quota, seats, counselling route, historical cutoff",unavailable / not yet verified,https://cuet.nta.nic.in/participating-universities/,Do not display NTA parent name as a college; do not infer affiliated colleges or eligibility.
SHOBHIT INSTITUTE OF ENGINEERING AND TECHNOLOGY,Official constituent/affiliated college list plus programme-wise admission bulletin/seat matrix,"Exact college name, campus, programme, Class XII eligibility, CUET subjects, category/quota, seats, counselling route, historical cutoff",unavailable / not yet verified,https://cuet.nta.nic.in/participating-universities/,Do not display NTA parent name as a college; do not infer affiliated colleges or eligibility.
SRM INSTITUTE OF SCIENCE AND TECHNOLOGY,Official constituent/affiliated college list plus programme-wise admission bulletin/seat matrix,"Exact college name, campus, programme, Class XII eligibility, CUET subjects, category/quota, seats, counselling route, historical cutoff",unavailable / not yet verified,https://cuet.nta.nic.in/participating-universities/,Do not display NTA parent name as a college; do not infer affiliated colleges or eligibility.
TATA INSTITUTE OF SOCIAL SCIENCES (TISS),Official constituent/affiliated college list plus programme-wise admission bulletin/seat matrix,"Exact college name, campus, programme, Class XII eligibility, CUET subjects, category/quota, seats, counselling route, historical cutoff",unavailable / not yet verified,https://cuet.nta.nic.in/participating-universities/,Do not display NTA parent name as a college; do not infer affiliated colleges or eligibility.
TERI SCHOOL OF ADVANCED STUDIES,Official constituent/affiliated college list plus programme-wise admission bulletin/seat matrix,"Exact college name, campus, programme, Class XII eligibility, CUET subjects, category/quota, seats, counselling route, historical cutoff",unavailable / not yet verified,https://cuet.nta.nic.in/participating-universities/,Do not display NTA parent name as a college; do not infer affiliated colleges or eligibility.
THE GANDHIGRAM RURAL INSTITUTE (DTBU),Official constituent/affiliated college list plus programme-wise admission bulletin/seat matrix,"Exact college name, campus, programme, Class XII eligibility, CUET subjects, category/quota, seats, counselling route, historical cutoff",unavailable / not yet verified,https://cuet.nta.nic.in/participating-universities/,Do not display NTA parent name as a college; do not infer affiliated colleges or eligibility.
VINAYAKA MISSION'S RESEARCH FOUNDATION,Official constituent/affiliated college list plus programme-wise admission bulletin/seat matrix,"Exact college name, campus, programme, Class XII eligibility, CUET subjects, category/quota, seats, counselling route, historical cutoff",unavailable / not yet verified,https://cuet.nta.nic.in/participating-universities/,Do not display NTA parent name as a college; do not infer affiliated colleges or eligibility.
ABHYUDAY UNIVERSITY,Official constituent/affiliated college list plus programme-wise admission bulletin/seat matrix,"Exact college name, campus, programme, Class XII eligibility, CUET subjects, category/quota, seats, counselling route, historical cutoff",unavailable / not yet verified,https://cuet.nta.nic.in/participating-universities/,Do not display NTA parent name as a college; do not infer affiliated colleges or eligibility.
AJEENKYA DY PATIL UNIVERSITY,Official constituent/affiliated college list plus programme-wise admission bulletin/seat matrix,"Exact college name, campus, programme, Class XII eligibility, CUET subjects, category/quota, seats, counselling route, historical cutoff",unavailable / not yet verified,https://cuet.nta.nic.in/participating-universities/,Do not display NTA parent name as a college; do not infer affiliated colleges or eligibility.
"AKS UNIVERSITY, SATNA (MP)",Official constituent/affiliated college list plus programme-wise admission bulletin/seat matrix,"Exact college name, campus, programme, Class XII eligibility, CUET subjects, category/quota, seats, counselling route, historical cutoff",unavailable / not yet verified,https://cuet.nta.nic.in/participating-universities/,Do not display NTA parent name as a college; do not infer affiliated colleges or eligibility.
ALLIANCE UNIVERSITY,Official constituent/affiliated college list plus programme-wise admission bulletin/seat matrix,"Exact college name, campus, programme, Class XII eligibility, CUET subjects, category/quota, seats, counselling route, historical cutoff",unavailable / not yet verified,https://cuet.nta.nic.in/participating-universities/,Do not display NTA parent name as a college; do not infer affiliated colleges or eligibility.
AMITY JHARKHAND,Official constituent/affiliated college list plus programme-wise admission bulletin/seat matrix,"Exact college name, campus, programme, Class XII eligibility, CUET subjects, category/quota, seats, counselling route, historical cutoff",unavailable / not yet verified,https://cuet.nta.nic.in/participating-universities/,Do not display NTA parent name as a college; do not infer affiliated colleges or eligibility.
AMITY UNIVERSITY (NOIDA CAMPUS),Official constituent/affiliated college list plus programme-wise admission bulletin/seat matrix,"Exact college name, campus, programme, Class XII eligibility, CUET subjects, category/quota, seats, counselling route, historical cutoff",unavailable / not yet verified,https://cuet.nta.nic.in/participating-universities/,Do not display NTA parent name as a college; do not infer affiliated colleges or eligibility.
AMITY UNIVERSITY HYDERABAD,Official constituent/affiliated college list plus programme-wise admission bulletin/seat matrix,"Exact college name, campus, programme, Class XII eligibility, CUET subjects, category/quota, seats, counselling route, historical cutoff",unavailable / not yet verified,https://cuet.nta.nic.in/participating-universities/,Do not display NTA parent name as a college; do not infer affiliated colleges or eligibility.
AMITY UNIVERSITY KOLKATA,Official constituent/affiliated college list plus programme-wise admission bulletin/seat matrix,"Exact college name, campus, programme, Class XII eligibility, CUET subjects, category/quota, seats, counselling route, historical cutoff",unavailable / not yet verified,https://cuet.nta.nic.in/participating-universities/,Do not display NTA parent name as a college; do not infer affiliated colleges or eligibility.
AMITY UNIVERSITY PUNJAB,Official constituent/affiliated college list plus programme-wise admission bulletin/seat matrix,"Exact college name, campus, programme, Class XII eligibility, CUET subjects, category/quota, seats, counselling route, historical cutoff",unavailable / not yet verified,https://cuet.nta.nic.in/participating-universities/,Do not display NTA parent name as a college; do not infer affiliated colleges or eligibility.
"AMITY UNIVERSITY, GREATER NOIDA",Official constituent/affiliated college list plus programme-wise admission bulletin/seat matrix,"Exact college name, campus, programme, Class XII eligibility, CUET subjects, category/quota, seats, counselling route, historical cutoff",unavailable / not yet verified,https://cuet.nta.nic.in/participating-universities/,Do not display NTA parent name as a college; do not infer affiliated colleges or eligibility.
AMITY UNIVERSITYPATNA,Official constituent/affiliated college list plus programme-wise admission bulletin/seat matrix,"Exact college name, campus, programme, Class XII eligibility, CUET subjects, category/quota, seats, counselling route, historical cutoff",unavailable / not yet verified,https://cuet.nta.nic.in/participating-universities/,Do not display NTA parent name as a college; do not infer affiliated colleges or eligibility.
APEX UNIVERSITY,Official constituent/affiliated college list plus programme-wise admission bulletin/seat matrix,"Exact college name, campus, programme, Class XII eligibility, CUET subjects, category/quota, seats, counselling route, historical cutoff",unavailable / not yet verified,https://cuet.nta.nic.in/participating-universities/,Do not display NTA parent name as a college; do not infer affiliated colleges or eligibility.
ARKA JAIN UNIVERSITY,Official constituent/affiliated college list plus programme-wise admission bulletin/seat matrix,"Exact college name, campus, programme, Class XII eligibility, CUET subjects, category/quota, seats, counselling route, historical cutoff",unavailable / not yet verified,https://cuet.nta.nic.in/participating-universities/,Do not display NTA parent name as a college; do not infer affiliated colleges or eligibility.
ARUNACHAL UNIVERSITY OF STUDIES,Official constituent/affiliated college list plus programme-wise admission bulletin/seat matrix,"Exact college name, campus, programme, Class XII eligibility, CUET subjects, category/quota, seats, counselling route, historical cutoff",unavailable / not yet verified,https://cuet.nta.nic.in/participating-universities/,Do not display NTA parent name as a college; do not infer affiliated colleges or eligibility.
ASBM UNIVERSITY,Official constituent/affiliated college list plus programme-wise admission bulletin/seat matrix,"Exact college name, campus, programme, Class XII eligibility, CUET subjects, category/quota, seats, counselling route, historical cutoff",unavailable / not yet verified,https://cuet.nta.nic.in/participating-universities/,Do not display NTA parent name as a college; do not infer affiliated colleges or eligibility.
ASSAM DOWN TOWN UNIVERSITY,Official constituent/affiliated college list plus programme-wise admission bulletin/seat matrix,"Exact college name, campus, programme, Class XII eligibility, CUET subjects, category/quota, seats, counselling route, historical cutoff",unavailable / not yet verified,https://cuet.nta.nic.in/participating-universities/,Do not display NTA parent name as a college; do not infer affiliated colleges or eligibility.
AVANTIKA UNIVERSITY,Official constituent/affiliated college list plus programme-wise admission bulletin/seat matrix,"Exact college name, campus, programme, Class XII eligibility, CUET subjects, category/quota, seats, counselling route, historical cutoff",unavailable / not yet verified,https://cuet.nta.nic.in/participating-universities/,Do not display NTA parent name as a college; do not infer affiliated colleges or eligibility.
AZIM PREM JI UNIVERSITY,Official constituent/affiliated college list plus programme-wise admission bulletin/seat matrix,"Exact college name, campus, programme, Class XII eligibility, CUET subjects, category/quota, seats, counselling route, historical cutoff",unavailable / not yet verified,https://cuet.nta.nic.in/participating-universities/,Do not display NTA parent name as a college; do not infer affiliated colleges or eligibility.
BABU BANARASI DAS UNIVERSITY,Official constituent/affiliated college list plus programme-wise admission bulletin/seat matrix,"Exact college name, campus, programme, Class XII eligibility, CUET subjects, category/quota, seats, counselling route, historical cutoff",unavailable / not yet verified,https://cuet.nta.nic.in/participating-universities/,Do not display NTA parent name as a college; do not infer affiliated colleges or eligibility.
BENNET UNIVERSITY,Official constituent/affiliated college list plus programme-wise admission bulletin/seat matrix,"Exact college name, campus, programme, Class XII eligibility, CUET subjects, category/quota, seats, counselling route, historical cutoff",unavailable / not yet verified,https://cuet.nta.nic.in/participating-universities/,Do not display NTA parent name as a college; do not infer affiliated colleges or eligibility.
BHAGWANT GLOBAL UNIVERSITY KOTDWAR (UTTARAKHAND),Official constituent/affiliated college list plus programme-wise admission bulletin/seat matrix,"Exact college name, campus, programme, Class XII eligibility, CUET subjects, category/quota, seats, counselling route, historical cutoff",unavailable / not yet verified,https://cuet.nta.nic.in/participating-universities/,Do not display NTA parent name as a college; do not infer affiliated colleges or eligibility.
BHAGWANT UNIVERSITY,Official constituent/affiliated college list plus programme-wise admission bulletin/seat matrix,"Exact college name, campus, programme, Class XII eligibility, CUET subjects, category/quota, seats, counselling route, historical cutoff",unavailable / not yet verified,https://cuet.nta.nic.in/participating-universities/,Do not display NTA parent name as a college; do not infer affiliated colleges or eligibility.
BIRLA GLOBAL UNIVERSITY,Official constituent/affiliated college list plus programme-wise admission bulletin/seat matrix,"Exact college name, campus, programme, Class XII eligibility, CUET subjects, category/quota, seats, counselling route, historical cutoff",unavailable / not yet verified,https://cuet.nta.nic.in/participating-universities/,Do not display NTA parent name as a college; do not infer affiliated colleges or eligibility.
BML MUNJAL UNIVERSITY,Official constituent/affiliated college list plus programme-wise admission bulletin/seat matrix,"Exact college name, campus, programme, Class XII eligibility, CUET subjects, category/quota, seats, counselling route, historical cutoff",unavailable / not yet verified,https://cuet.nta.nic.in/participating-universities/,Do not display NTA parent name as a college; do not infer affiliated colleges or eligibility.
BRAINWARE UNIVERSITY,Official constituent/affiliated college list plus programme-wise admission bulletin/seat matrix,"Exact college name, campus, programme, Class XII eligibility, CUET subjects, category/quota, seats, counselling route, historical cutoff",unavailable / not yet verified,https://cuet.nta.nic.in/participating-universities/,Do not display NTA parent name as a college; do not infer affiliated colleges or eligibility.
CARRER COLLEGE BHOPAL,Official constituent/affiliated college list plus programme-wise admission bulletin/seat matrix,"Exact college name, campus, programme, Class XII eligibility, CUET subjects, category/quota, seats, counselling route, historical cutoff",unavailable / not yet verified,https://cuet.nta.nic.in/participating-universities/,Do not display NTA parent name as a college; do not infer affiliated colleges or eligibility.
"CGC UNIVERSITY, MOHALI",Official constituent/affiliated college list plus programme-wise admission bulletin/seat matrix,"Exact college name, campus, programme, Class XII eligibility, CUET subjects, category/quota, seats, counselling route, historical cutoff",unavailable / not yet verified,https://cuet.nta.nic.in/participating-universities/,Do not display NTA parent name as a college; do not infer affiliated colleges or eligibility.
CHANAKYA UNIVERSITY,Official constituent/affiliated college list plus programme-wise admission bulletin/seat matrix,"Exact college name, campus, programme, Class XII eligibility, CUET subjects, category/quota, seats, counselling route, historical cutoff",unavailable / not yet verified,https://cuet.nta.nic.in/participating-universities/,Do not display NTA parent name as a college; do not infer affiliated colleges or eligibility.
CHANDIGARH UNIVERSITY -MAPPING,Official constituent/affiliated college list plus programme-wise admission bulletin/seat matrix,"Exact college name, campus, programme, Class XII eligibility, CUET subjects, category/quota, seats, counselling route, historical cutoff",unavailable / not yet verified,https://cuet.nta.nic.in/participating-universities/,Do not display NTA parent name as a college; do not infer affiliated colleges or eligibility.
"CHHATRAPATI SHIVAJI MAHARAJ UNIVERSITY, PANVEL",Official constituent/affiliated college list plus programme-wise admission bulletin/seat matrix,"Exact college name, campus, programme, Class XII eligibility, CUET subjects, category/quota, seats, counselling route, historical cutoff",unavailable / not yet verified,https://cuet.nta.nic.in/participating-universities/,Do not display NTA parent name as a college; do not infer affiliated colleges or eligibility.
CHITKARA UNIVERSITY,Official constituent/affiliated college list plus programme-wise admission bulletin/seat matrix,"Exact college name, campus, programme, Class XII eligibility, CUET subjects, category/quota, seats, counselling route, historical cutoff",unavailable / not yet verified,https://cuet.nta.nic.in/participating-universities/,Do not display NTA parent name as a college; do not infer affiliated colleges or eligibility.
CMR UNIVERSITY,Official constituent/affiliated college list plus programme-wise admission bulletin/seat matrix,"Exact college name, campus, programme, Class XII eligibility, CUET subjects, category/quota, seats, counselling route, historical cutoff",unavailable / not yet verified,https://cuet.nta.nic.in/participating-universities/,Do not display NTA parent name as a college; do not infer affiliated colleges or eligibility.
CT UNIVERSITY(LUDHIANA),Official constituent/affiliated college list plus programme-wise admission bulletin/seat matrix,"Exact college name, campus, programme, Class XII eligibility, CUET subjects, category/quota, seats, counselling route, historical cutoff",unavailable / not yet verified,https://cuet.nta.nic.in/participating-universities/,Do not display NTA parent name as a college; do not infer affiliated colleges or eligibility.
DBS GLOBAL UNIVERSITY,Official constituent/affiliated college list plus programme-wise admission bulletin/seat matrix,"Exact college name, campus, programme, Class XII eligibility, CUET subjects, category/quota, seats, counselling route, historical cutoff",unavailable / not yet verified,https://cuet.nta.nic.in/participating-universities/,Do not display NTA parent name as a college; do not infer affiliated colleges or eligibility.
DIT DEHRADUN,Official constituent/affiliated college list plus programme-wise admission bulletin/seat matrix,"Exact college name, campus, programme, Class XII eligibility, CUET subjects, category/quota, seats, counselling route, historical cutoff",unavailable / not yet verified,https://cuet.nta.nic.in/participating-universities/,Do not display NTA parent name as a college; do not infer affiliated colleges or eligibility.
FUTURE UNIVERSITY,Official constituent/affiliated college list plus programme-wise admission bulletin/seat matrix,"Exact college name, campus, programme, Class XII eligibility, CUET subjects, category/quota, seats, counselling route, historical cutoff",unavailable / not yet verified,https://cuet.nta.nic.in/participating-universities/,Do not display NTA parent name as a college; do not infer affiliated colleges or eligibility.
G D GOENKA UNIVERSITY,Official constituent/affiliated college list plus programme-wise admission bulletin/seat matrix,"Exact college name, campus, programme, Class XII eligibility, CUET subjects, category/quota, seats, counselling route, historical cutoff",unavailable / not yet verified,https://cuet.nta.nic.in/participating-universities/,Do not display NTA parent name as a college; do not infer affiliated colleges or eligibility.
GALGOTIAS UNIVERSITY,Official constituent/affiliated college list plus programme-wise admission bulletin/seat matrix,"Exact college name, campus, programme, Class XII eligibility, CUET subjects, category/quota, seats, counselling route, historical cutoff",unavailable / not yet verified,https://cuet.nta.nic.in/participating-universities/,Do not display NTA parent name as a college; do not infer affiliated colleges or eligibility.
GEETA UNIVERSITY,Official constituent/affiliated college list plus programme-wise admission bulletin/seat matrix,"Exact college name, campus, programme, Class XII eligibility, CUET subjects, category/quota, seats, counselling route, historical cutoff",unavailable / not yet verified,https://cuet.nta.nic.in/participating-universities/,Do not display NTA parent name as a college; do not infer affiliated colleges or eligibility.
GLA UNIVERSITY(MATHURA),Official constituent/affiliated college list plus programme-wise admission bulletin/seat matrix,"Exact college name, campus, programme, Class XII eligibility, CUET subjects, category/quota, seats, counselling route, historical cutoff",unavailable / not yet verified,https://cuet.nta.nic.in/participating-universities/,Do not display NTA parent name as a college; do not infer affiliated colleges or eligibility.
GOPAL NARAYAN SINGH UNIVERSITY,Official constituent/affiliated college list plus programme-wise admission bulletin/seat matrix,"Exact college name, campus, programme, Class XII eligibility, CUET subjects, category/quota, seats, counselling route, historical cutoff",unavailable / not yet verified,https://cuet.nta.nic.in/participating-universities/,Do not display NTA parent name as a college; do not infer affiliated colleges or eligibility.
GRAPHIC ERA HILL UNIVERSITY,Official constituent/affiliated college list plus programme-wise admission bulletin/seat matrix,"Exact college name, campus, programme, Class XII eligibility, CUET subjects, category/quota, seats, counselling route, historical cutoff",unavailable / not yet verified,https://cuet.nta.nic.in/participating-universities/,Do not display NTA parent name as a college; do not infer affiliated colleges or eligibility.
HARIDWAR UNIVERSITY ROORKEE,Official constituent/affiliated college list plus programme-wise admission bulletin/seat matrix,"Exact college name, campus, programme, Class XII eligibility, CUET subjects, category/quota, seats, counselling route, historical cutoff",unavailable / not yet verified,https://cuet.nta.nic.in/participating-universities/,Do not display NTA parent name as a college; do not infer affiliated colleges or eligibility.
HIMALAYAN UNIVERSITY,Official constituent/affiliated college list plus programme-wise admission bulletin/seat matrix,"Exact college name, campus, programme, Class XII eligibility, CUET subjects, category/quota, seats, counselling route, historical cutoff",unavailable / not yet verified,https://cuet.nta.nic.in/participating-universities/,Do not display NTA parent name as a college; do not infer affiliated colleges or eligibility.
"HRIT UNIVERSITY, GHAZIABAD",Official constituent/affiliated college list plus programme-wise admission bulletin/seat matrix,"Exact college name, campus, programme, Class XII eligibility, CUET subjects, category/quota, seats, counselling route, historical cutoff",unavailable / not yet verified,https://cuet.nta.nic.in/participating-universities/,Do not display NTA parent name as a college; do not infer affiliated colleges or eligibility.
"IFTM UNIVERSITY, MORADABAD",Official constituent/affiliated college list plus programme-wise admission bulletin/seat matrix,"Exact college name, campus, programme, Class XII eligibility, CUET subjects, category/quota, seats, counselling route, historical cutoff",unavailable / not yet verified,https://cuet.nta.nic.in/participating-universities/,Do not display NTA parent name as a college; do not infer affiliated colleges or eligibility.
IILM UNIVERSITY,Official constituent/affiliated college list plus programme-wise admission bulletin/seat matrix,"Exact college name, campus, programme, Class XII eligibility, CUET subjects, category/quota, seats, counselling route, historical cutoff",unavailable / not yet verified,https://cuet.nta.nic.in/participating-universities/,Do not display NTA parent name as a college; do not infer affiliated colleges or eligibility.
"IILM UNIVERSITY, GURUGRAM",Official constituent/affiliated college list plus programme-wise admission bulletin/seat matrix,"Exact college name, campus, programme, Class XII eligibility, CUET subjects, category/quota, seats, counselling route, historical cutoff",unavailable / not yet verified,https://cuet.nta.nic.in/participating-universities/,Do not display NTA parent name as a college; do not infer affiliated colleges or eligibility.
IIMT UNIVERSITY,Official constituent/affiliated college list plus programme-wise admission bulletin/seat matrix,"Exact college name, campus, programme, Class XII eligibility, CUET subjects, category/quota, seats, counselling route, historical cutoff",unavailable / not yet verified,https://cuet.nta.nic.in/participating-universities/,Do not display NTA parent name as a college; do not infer affiliated colleges or eligibility.
INVERTIS UNIVERSITY,Official constituent/affiliated college list plus programme-wise admission bulletin/seat matrix,"Exact college name, campus, programme, Class XII eligibility, CUET subjects, category/quota, seats, counselling route, historical cutoff",unavailable / not yet verified,https://cuet.nta.nic.in/participating-universities/,Do not display NTA parent name as a college; do not infer affiliated colleges or eligibility.
"ITM SKILLS UNIVERSITY, NAVI MUMBAI",Official constituent/affiliated college list plus programme-wise admission bulletin/seat matrix,"Exact college name, campus, programme, Class XII eligibility, CUET subjects, category/quota, seats, counselling route, historical cutoff",unavailable / not yet verified,https://cuet.nta.nic.in/participating-universities/,Do not display NTA parent name as a college; do not infer affiliated colleges or eligibility.
"ITM UNIVERSITY, RAIPUR",Official constituent/affiliated college list plus programme-wise admission bulletin/seat matrix,"Exact college name, campus, programme, Class XII eligibility, CUET subjects, category/quota, seats, counselling route, historical cutoff",unavailable / not yet verified,https://cuet.nta.nic.in/participating-universities/,Do not display NTA parent name as a college; do not infer affiliated colleges or eligibility.
"ITM VOCATIONAL UNIVERSITY, VADODARA",Official constituent/affiliated college list plus programme-wise admission bulletin/seat matrix,"Exact college name, campus, programme, Class XII eligibility, CUET subjects, category/quota, seats, counselling route, historical cutoff",unavailable / not yet verified,https://cuet.nta.nic.in/participating-universities/,Do not display NTA parent name as a college; do not infer affiliated colleges or eligibility.
"JAGAN NATH UNIVERSITY, JAIPUR",Official constituent/affiliated college list plus programme-wise admission bulletin/seat matrix,"Exact college name, campus, programme, Class XII eligibility, CUET subjects, category/quota, seats, counselling route, historical cutoff",unavailable / not yet verified,https://cuet.nta.nic.in/participating-universities/,Do not display NTA parent name as a college; do not infer affiliated colleges or eligibility.
JAGANATH UNIVERSITY(DELHI NCR),Official constituent/affiliated college list plus programme-wise admission bulletin/seat matrix,"Exact college name, campus, programme, Class XII eligibility, CUET subjects, category/quota, seats, counselling route, historical cutoff",unavailable / not yet verified,https://cuet.nta.nic.in/participating-universities/,Do not display NTA parent name as a college; do not infer affiliated colleges or eligibility.
JAIPUR NATIONAL UNIVERSITY,Official constituent/affiliated college list plus programme-wise admission bulletin/seat matrix,"Exact college name, campus, programme, Class XII eligibility, CUET subjects, category/quota, seats, counselling route, historical cutoff",unavailable / not yet verified,https://cuet.nta.nic.in/participating-universities/,Do not display NTA parent name as a college; do not infer affiliated colleges or eligibility.
JECRC UNIVERSITY,Official constituent/affiliated college list plus programme-wise admission bulletin/seat matrix,"Exact college name, campus, programme, Class XII eligibility, CUET subjects, category/quota, seats, counselling route, historical cutoff",unavailable / not yet verified,https://cuet.nta.nic.in/participating-universities/,Do not display NTA parent name as a college; do not infer affiliated colleges or eligibility.
"JIS UNIVERSITY, KOLKATA",Official constituent/affiliated college list plus programme-wise admission bulletin/seat matrix,"Exact college name, campus, programme, Class XII eligibility, CUET subjects, category/quota, seats, counselling route, historical cutoff",unavailable / not yet verified,https://cuet.nta.nic.in/participating-universities/,Do not display NTA parent name as a college; do not infer affiliated colleges or eligibility.
K.R. MANGALAM UNIVERSITY,Official constituent/affiliated college list plus programme-wise admission bulletin/seat matrix,"Exact college name, campus, programme, Class XII eligibility, CUET subjects, category/quota, seats, counselling route, historical cutoff",unavailable / not yet verified,https://cuet.nta.nic.in/participating-universities/,Do not display NTA parent name as a college; do not infer affiliated colleges or eligibility.
KALINGA UNIVERSITY,Official constituent/affiliated college list plus programme-wise admission bulletin/seat matrix,"Exact college name, campus, programme, Class XII eligibility, CUET subjects, category/quota, seats, counselling route, historical cutoff",unavailable / not yet verified,https://cuet.nta.nic.in/participating-universities/,Do not display NTA parent name as a college; do not infer affiliated colleges or eligibility.
KARNAVATI UNIVERSITY,Official constituent/affiliated college list plus programme-wise admission bulletin/seat matrix,"Exact college name, campus, programme, Class XII eligibility, CUET subjects, category/quota, seats, counselling route, historical cutoff",unavailable / not yet verified,https://cuet.nta.nic.in/participating-universities/,Do not display NTA parent name as a college; do not infer affiliated colleges or eligibility.
LOVELY PROFESSIONAL UNIVERSITY,Official constituent/affiliated college list plus programme-wise admission bulletin/seat matrix,"Exact college name, campus, programme, Class XII eligibility, CUET subjects, category/quota, seats, counselling route, historical cutoff",unavailable / not yet verified,https://cuet.nta.nic.in/participating-universities/,Do not display NTA parent name as a college; do not infer affiliated colleges or eligibility.
MADHAV UNIVERSITY,Official constituent/affiliated college list plus programme-wise admission bulletin/seat matrix,"Exact college name, campus, programme, Class XII eligibility, CUET subjects, category/quota, seats, counselling route, historical cutoff",unavailable / not yet verified,https://cuet.nta.nic.in/participating-universities/,Do not display NTA parent name as a college; do not infer affiliated colleges or eligibility.
MAHATMA JYOTI RAO PHOOLE UNIVERSITY,Official constituent/affiliated college list plus programme-wise admission bulletin/seat matrix,"Exact college name, campus, programme, Class XII eligibility, CUET subjects, category/quota, seats, counselling route, historical cutoff",unavailable / not yet verified,https://cuet.nta.nic.in/participating-universities/,Do not display NTA parent name as a college; do not infer affiliated colleges or eligibility.
MAHINDRA UNIVERSITY,Official constituent/affiliated college list plus programme-wise admission bulletin/seat matrix,"Exact college name, campus, programme, Class XII eligibility, CUET subjects, category/quota, seats, counselling route, historical cutoff",unavailable / not yet verified,https://cuet.nta.nic.in/participating-universities/,Do not display NTA parent name as a college; do not infer affiliated colleges or eligibility.
"MANAV RACHNA UNIVERSITY, FARIDABAD",Official constituent/affiliated college list plus programme-wise admission bulletin/seat matrix,"Exact college name, campus, programme, Class XII eligibility, CUET subjects, category/quota, seats, counselling route, historical cutoff",unavailable / not yet verified,https://cuet.nta.nic.in/participating-universities/,Do not display NTA parent name as a college; do not infer affiliated colleges or eligibility.
"MANGALAYATAN UNIVERSITY, ALIGARH",Official constituent/affiliated college list plus programme-wise admission bulletin/seat matrix,"Exact college name, campus, programme, Class XII eligibility, CUET subjects, category/quota, seats, counselling route, historical cutoff",unavailable / not yet verified,https://cuet.nta.nic.in/participating-universities/,Do not display NTA parent name as a college; do not infer affiliated colleges or eligibility.
"MANGALAYATAN UNIVERSITY, JABALPUR",Official constituent/affiliated college list plus programme-wise admission bulletin/seat matrix,"Exact college name, campus, programme, Class XII eligibility, CUET subjects, category/quota, seats, counselling route, historical cutoff",unavailable / not yet verified,https://cuet.nta.nic.in/participating-universities/,Do not display NTA parent name as a college; do not infer affiliated colleges or eligibility.
MANIPAL UNIVERSITY JAIPUR,Official constituent/affiliated college list plus programme-wise admission bulletin/seat matrix,"Exact college name, campus, programme, Class XII eligibility, CUET subjects, category/quota, seats, counselling route, historical cutoff",unavailable / not yet verified,https://cuet.nta.nic.in/participating-universities/,Do not display NTA parent name as a college; do not infer affiliated colleges or eligibility.
"MATS UNIVERSITY, RAIPUR",Official constituent/affiliated college list plus programme-wise admission bulletin/seat matrix,"Exact college name, campus, programme, Class XII eligibility, CUET subjects, category/quota, seats, counselling route, historical cutoff",unavailable / not yet verified,https://cuet.nta.nic.in/participating-universities/,Do not display NTA parent name as a college; do not infer affiliated colleges or eligibility.
"MEWAR UNIVERSITY, CHITTORGARH (RAJASTHAN)",Official constituent/affiliated college list plus programme-wise admission bulletin/seat matrix,"Exact college name, campus, programme, Class XII eligibility, CUET subjects, category/quota, seats, counselling route, historical cutoff",unavailable / not yet verified,https://cuet.nta.nic.in/participating-universities/,Do not display NTA parent name as a college; do not infer affiliated colleges or eligibility.
MNR UNIVERSITY,Official constituent/affiliated college list plus programme-wise admission bulletin/seat matrix,"Exact college name, campus, programme, Class XII eligibility, CUET subjects, category/quota, seats, counselling route, historical cutoff",unavailable / not yet verified,https://cuet.nta.nic.in/participating-universities/,Do not display NTA parent name as a college; do not infer affiliated colleges or eligibility.
MODY UNIVERSITY,Official constituent/affiliated college list plus programme-wise admission bulletin/seat matrix,"Exact college name, campus, programme, Class XII eligibility, CUET subjects, category/quota, seats, counselling route, historical cutoff",unavailable / not yet verified,https://cuet.nta.nic.in/participating-universities/,Do not display NTA parent name as a college; do not infer affiliated colleges or eligibility.
"NIIT UNIVERSITY, RAJASTHAN",Official constituent/affiliated college list plus programme-wise admission bulletin/seat matrix,"Exact college name, campus, programme, Class XII eligibility, CUET subjects, category/quota, seats, counselling route, historical cutoff",unavailable / not yet verified,https://cuet.nta.nic.in/participating-universities/,Do not display NTA parent name as a college; do not infer affiliated colleges or eligibility.
NOIDA INTERNATIONAL UNIVERSITY,Official constituent/affiliated college list plus programme-wise admission bulletin/seat matrix,"Exact college name, campus, programme, Class XII eligibility, CUET subjects, category/quota, seats, counselling route, historical cutoff",unavailable / not yet verified,https://cuet.nta.nic.in/participating-universities/,Do not display NTA parent name as a college; do not infer affiliated colleges or eligibility.
"OM STERLING GLOBAL UNIVERSITY, HISAR, HARYANA",Official constituent/affiliated college list plus programme-wise admission bulletin/seat matrix,"Exact college name, campus, programme, Class XII eligibility, CUET subjects, category/quota, seats, counselling route, historical cutoff",unavailable / not yet verified,https://cuet.nta.nic.in/participating-universities/,Do not display NTA parent name as a college; do not infer affiliated colleges or eligibility.
PEARL ACADEMY,Official constituent/affiliated college list plus programme-wise admission bulletin/seat matrix,"Exact college name, campus, programme, Class XII eligibility, CUET subjects, category/quota, seats, counselling route, historical cutoff",unavailable / not yet verified,https://cuet.nta.nic.in/participating-universities/,Do not display NTA parent name as a college; do not infer affiliated colleges or eligibility.
POORNIMA UNIVERSITY,Official constituent/affiliated college list plus programme-wise admission bulletin/seat matrix,"Exact college name, campus, programme, Class XII eligibility, CUET subjects, category/quota, seats, counselling route, historical cutoff",unavailable / not yet verified,https://cuet.nta.nic.in/participating-universities/,Do not display NTA parent name as a college; do not infer affiliated colleges or eligibility.
R V UNIVERSITY,Official constituent/affiliated college list plus programme-wise admission bulletin/seat matrix,"Exact college name, campus, programme, Class XII eligibility, CUET subjects, category/quota, seats, counselling route, historical cutoff",unavailable / not yet verified,https://cuet.nta.nic.in/participating-universities/,Do not display NTA parent name as a college; do not infer affiliated colleges or eligibility.
RABINDRANATH TAGORE UNIVERSITY,Official constituent/affiliated college list plus programme-wise admission bulletin/seat matrix,"Exact college name, campus, programme, Class XII eligibility, CUET subjects, category/quota, seats, counselling route, historical cutoff",unavailable / not yet verified,https://cuet.nta.nic.in/participating-universities/,Do not display NTA parent name as a college; do not infer affiliated colleges or eligibility.
RAKSHPAL BAHADUR MANAGEMENT INSTITUTE,Official constituent/affiliated college list plus programme-wise admission bulletin/seat matrix,"Exact college name, campus, programme, Class XII eligibility, CUET subjects, category/quota, seats, counselling route, historical cutoff",unavailable / not yet verified,https://cuet.nta.nic.in/participating-universities/,Do not display NTA parent name as a college; do not infer affiliated colleges or eligibility.
RAMA UNIVERSITY UTTAR PRADESH KANPUR,Official constituent/affiliated college list plus programme-wise admission bulletin/seat matrix,"Exact college name, campus, programme, Class XII eligibility, CUET subjects, category/quota, seats, counselling route, historical cutoff",unavailable / not yet verified,https://cuet.nta.nic.in/participating-universities/,Do not display NTA parent name as a college; do not infer affiliated colleges or eligibility.
RAMAIAH UNIVERSITY,Official constituent/affiliated college list plus programme-wise admission bulletin/seat matrix,"Exact college name, campus, programme, Class XII eligibility, CUET subjects, category/quota, seats, counselling route, historical cutoff",unavailable / not yet verified,https://cuet.nta.nic.in/participating-universities/,Do not display NTA parent name as a college; do not infer affiliated colleges or eligibility.
RENAISSANCE UNIVERSITY,Official constituent/affiliated college list plus programme-wise admission bulletin/seat matrix,"Exact college name, campus, programme, Class XII eligibility, CUET subjects, category/quota, seats, counselling route, historical cutoff",unavailable / not yet verified,https://cuet.nta.nic.in/participating-universities/,Do not display NTA parent name as a college; do not infer affiliated colleges or eligibility.
REVA UNIVERSITY,Official constituent/affiliated college list plus programme-wise admission bulletin/seat matrix,"Exact college name, campus, programme, Class XII eligibility, CUET subjects, category/quota, seats, counselling route, historical cutoff",unavailable / not yet verified,https://cuet.nta.nic.in/participating-universities/,Do not display NTA parent name as a college; do not infer affiliated colleges or eligibility.
RISHIHOOD UNIVERSITY,Official constituent/affiliated college list plus programme-wise admission bulletin/seat matrix,"Exact college name, campus, programme, Class XII eligibility, CUET subjects, category/quota, seats, counselling route, historical cutoff",unavailable / not yet verified,https://cuet.nta.nic.in/participating-universities/,Do not display NTA parent name as a college; do not infer affiliated colleges or eligibility.
"RNB GLOBAL UNIVERSITY, BIKANER ( RAJASTHAN)",Official constituent/affiliated college list plus programme-wise admission bulletin/seat matrix,"Exact college name, campus, programme, Class XII eligibility, CUET subjects, category/quota, seats, counselling route, historical cutoff",unavailable / not yet verified,https://cuet.nta.nic.in/participating-universities/,Do not display NTA parent name as a college; do not infer affiliated colleges or eligibility.
"SAGE UNIVERSITY, INDORE",Official constituent/affiliated college list plus programme-wise admission bulletin/seat matrix,"Exact college name, campus, programme, Class XII eligibility, CUET subjects, category/quota, seats, counselling route, historical cutoff",unavailable / not yet verified,https://cuet.nta.nic.in/participating-universities/,Do not display NTA parent name as a college; do not infer affiliated colleges or eligibility.
SANSKRITI UNIVERSITY,Official constituent/affiliated college list plus programme-wise admission bulletin/seat matrix,"Exact college name, campus, programme, Class XII eligibility, CUET subjects, category/quota, seats, counselling route, historical cutoff",unavailable / not yet verified,https://cuet.nta.nic.in/participating-universities/,Do not display NTA parent name as a college; do not infer affiliated colleges or eligibility.
SANT BABA BHAG SINGH UNIVERSITY,Official constituent/affiliated college list plus programme-wise admission bulletin/seat matrix,"Exact college name, campus, programme, Class XII eligibility, CUET subjects, category/quota, seats, counselling route, historical cutoff",unavailable / not yet verified,https://cuet.nta.nic.in/participating-universities/,Do not display NTA parent name as a college; do not infer affiliated colleges or eligibility.
SARDAR BHAGWAN SINGH UNIVERSITY,Official constituent/affiliated college list plus programme-wise admission bulletin/seat matrix,"Exact college name, campus, programme, Class XII eligibility, CUET subjects, category/quota, seats, counselling route, historical cutoff",unavailable / not yet verified,https://cuet.nta.nic.in/participating-universities/,Do not display NTA parent name as a college; do not infer affiliated colleges or eligibility.
SAROJ INTERNATIONAL UNIVERSITY,Official constituent/affiliated college list plus programme-wise admission bulletin/seat matrix,"Exact college name, campus, programme, Class XII eligibility, CUET subjects, category/quota, seats, counselling route, historical cutoff",unavailable / not yet verified,https://cuet.nta.nic.in/participating-universities/,Do not display NTA parent name as a college; do not infer affiliated colleges or eligibility.
SCHOOL OF MANAGEMENT SCIENCES(SMS),Official constituent/affiliated college list plus programme-wise admission bulletin/seat matrix,"Exact college name, campus, programme, Class XII eligibility, CUET subjects, category/quota, seats, counselling route, historical cutoff",unavailable / not yet verified,https://cuet.nta.nic.in/participating-universities/,Do not display NTA parent name as a college; do not infer affiliated colleges or eligibility.
SHARDA UNIVERSITY (AGRA),Official constituent/affiliated college list plus programme-wise admission bulletin/seat matrix,"Exact college name, campus, programme, Class XII eligibility, CUET subjects, category/quota, seats, counselling route, historical cutoff",unavailable / not yet verified,https://cuet.nta.nic.in/participating-universities/,Do not display NTA parent name as a college; do not infer affiliated colleges or eligibility.
SHARDA UNIVERSITY NOIDA,Official constituent/affiliated college list plus programme-wise admission bulletin/seat matrix,"Exact college name, campus, programme, Class XII eligibility, CUET subjects, category/quota, seats, counselling route, historical cutoff",unavailable / not yet verified,https://cuet.nta.nic.in/participating-universities/,Do not display NTA parent name as a college; do not infer affiliated colleges or eligibility.
SHOOLINI UNIVERSITY OF BIOTECHNOLOGY AND MANAGEMENT SCIENCES,Official constituent/affiliated college list plus programme-wise admission bulletin/seat matrix,"Exact college name, campus, programme, Class XII eligibility, CUET subjects, category/quota, seats, counselling route, historical cutoff",unavailable / not yet verified,https://cuet.nta.nic.in/participating-universities/,Do not display NTA parent name as a college; do not infer affiliated colleges or eligibility.
SHREE GURU GOBIND SINGH TRICENTENARY (SGT) UNIVERSITY,Official constituent/affiliated college list plus programme-wise admission bulletin/seat matrix,"Exact college name, campus, programme, Class XII eligibility, CUET subjects, category/quota, seats, counselling route, historical cutoff",unavailable / not yet verified,https://cuet.nta.nic.in/participating-universities/,Do not display NTA parent name as a college; do not infer affiliated colleges or eligibility.
SIKKIM GLOBAL TECHNICAL UNIVERSITY,Official constituent/affiliated college list plus programme-wise admission bulletin/seat matrix,"Exact college name, campus, programme, Class XII eligibility, CUET subjects, category/quota, seats, counselling route, historical cutoff",unavailable / not yet verified,https://cuet.nta.nic.in/participating-universities/,Do not display NTA parent name as a college; do not infer affiliated colleges or eligibility.
SIKKIM MANIPAL UNIVERSITY,Official constituent/affiliated college list plus programme-wise admission bulletin/seat matrix,"Exact college name, campus, programme, Class XII eligibility, CUET subjects, category/quota, seats, counselling route, historical cutoff",unavailable / not yet verified,https://cuet.nta.nic.in/participating-universities/,Do not display NTA parent name as a college; do not infer affiliated colleges or eligibility.
SINGHANIA UNIVERSITY,Official constituent/affiliated college list plus programme-wise admission bulletin/seat matrix,"Exact college name, campus, programme, Class XII eligibility, CUET subjects, category/quota, seats, counselling route, historical cutoff",unavailable / not yet verified,https://cuet.nta.nic.in/participating-universities/,Do not display NTA parent name as a college; do not infer affiliated colleges or eligibility.
"SIR PADAMPAT SINGHANIA UNIVERSITY, UDAIPUR",Official constituent/affiliated college list plus programme-wise admission bulletin/seat matrix,"Exact college name, campus, programme, Class XII eligibility, CUET subjects, category/quota, seats, counselling route, historical cutoff",unavailable / not yet verified,https://cuet.nta.nic.in/participating-universities/,Do not display NTA parent name as a college; do not infer affiliated colleges or eligibility.
SISTER NIVEDITA UNIVERSITY,Official constituent/affiliated college list plus programme-wise admission bulletin/seat matrix,"Exact college name, campus, programme, Class XII eligibility, CUET subjects, category/quota, seats, counselling route, historical cutoff",unavailable / not yet verified,https://cuet.nta.nic.in/participating-universities/,Do not display NTA parent name as a college; do not infer affiliated colleges or eligibility.
SRM UNIVERSITY - AP,Official constituent/affiliated college list plus programme-wise admission bulletin/seat matrix,"Exact college name, campus, programme, Class XII eligibility, CUET subjects, category/quota, seats, counselling route, historical cutoff",unavailable / not yet verified,https://cuet.nta.nic.in/participating-universities/,Do not display NTA parent name as a college; do not infer affiliated colleges or eligibility.
SRM UNIVERSITY DELHI NCR SONEPAT,Official constituent/affiliated college list plus programme-wise admission bulletin/seat matrix,"Exact college name, campus, programme, Class XII eligibility, CUET subjects, category/quota, seats, counselling route, historical cutoff",unavailable / not yet verified,https://cuet.nta.nic.in/participating-universities/,Do not display NTA parent name as a college; do not infer affiliated colleges or eligibility.
SUNBEAM COLLEGE FOR WOMEN,Official constituent/affiliated college list plus programme-wise admission bulletin/seat matrix,"Exact college name, campus, programme, Class XII eligibility, CUET subjects, category/quota, seats, counselling route, historical cutoff",unavailable / not yet verified,https://cuet.nta.nic.in/participating-universities/,Do not display NTA parent name as a college; do not infer affiliated colleges or eligibility.
SURESH GYAN VIHAR UNIVERSITY JAIPUR,Official constituent/affiliated college list plus programme-wise admission bulletin/seat matrix,"Exact college name, campus, programme, Class XII eligibility, CUET subjects, category/quota, seats, counselling route, historical cutoff",unavailable / not yet verified,https://cuet.nta.nic.in/participating-universities/,Do not display NTA parent name as a college; do not infer affiliated colleges or eligibility.
SUSHANT UNIVERSITY(GURUGRAM),Official constituent/affiliated college list plus programme-wise admission bulletin/seat matrix,"Exact college name, campus, programme, Class XII eligibility, CUET subjects, category/quota, seats, counselling route, historical cutoff",unavailable / not yet verified,https://cuet.nta.nic.in/participating-universities/,Do not display NTA parent name as a college; do not infer affiliated colleges or eligibility.
SWAMI RAMA HIMALAYAN UNIVERSITY,Official constituent/affiliated college list plus programme-wise admission bulletin/seat matrix,"Exact college name, campus, programme, Class XII eligibility, CUET subjects, category/quota, seats, counselling route, historical cutoff",unavailable / not yet verified,https://cuet.nta.nic.in/participating-universities/,Do not display NTA parent name as a college; do not infer affiliated colleges or eligibility.
SWAMI VIVEKANAND SUBHARTI UNIVERSITY,Official constituent/affiliated college list plus programme-wise admission bulletin/seat matrix,"Exact college name, campus, programme, Class XII eligibility, CUET subjects, category/quota, seats, counselling route, historical cutoff",unavailable / not yet verified,https://cuet.nta.nic.in/participating-universities/,Do not display NTA parent name as a college; do not infer affiliated colleges or eligibility.
TECHNO INDIA UNIVERSITY,Official constituent/affiliated college list plus programme-wise admission bulletin/seat matrix,"Exact college name, campus, programme, Class XII eligibility, CUET subjects, category/quota, seats, counselling route, historical cutoff",unavailable / not yet verified,https://cuet.nta.nic.in/participating-universities/,Do not display NTA parent name as a college; do not infer affiliated colleges or eligibility.
TEERTHANKER MAHAVEER UNIVERSITY,Official constituent/affiliated college list plus programme-wise admission bulletin/seat matrix,"Exact college name, campus, programme, Class XII eligibility, CUET subjects, category/quota, seats, counselling route, historical cutoff",unavailable / not yet verified,https://cuet.nta.nic.in/participating-universities/,Do not display NTA parent name as a college; do not infer affiliated colleges or eligibility.
THE NEOTIA UNIVERSITY,Official constituent/affiliated college list plus programme-wise admission bulletin/seat matrix,"Exact college name, campus, programme, Class XII eligibility, CUET subjects, category/quota, seats, counselling route, historical cutoff",unavailable / not yet verified,https://cuet.nta.nic.in/participating-universities/,Do not display NTA parent name as a college; do not infer affiliated colleges or eligibility.
"UNITED UNIVERSITY, PRAYAGRAJ",Official constituent/affiliated college list plus programme-wise admission bulletin/seat matrix,"Exact college name, campus, programme, Class XII eligibility, CUET subjects, category/quota, seats, counselling route, historical cutoff",unavailable / not yet verified,https://cuet.nta.nic.in/participating-universities/,Do not display NTA parent name as a college; do not infer affiliated colleges or eligibility.
"UNIVERSITY OF ENGINEERING & MANAGEMENT, JAIPUR",Official constituent/affiliated college list plus programme-wise admission bulletin/seat matrix,"Exact college name, campus, programme, Class XII eligibility, CUET subjects, category/quota, seats, counselling route, historical cutoff",unavailable / not yet verified,https://cuet.nta.nic.in/participating-universities/,Do not display NTA parent name as a college; do not infer affiliated colleges or eligibility.
UPES - DEHRADUN,Official constituent/affiliated college list plus programme-wise admission bulletin/seat matrix,"Exact college name, campus, programme, Class XII eligibility, CUET subjects, category/quota, seats, counselling route, historical cutoff",unavailable / not yet verified,https://cuet.nta.nic.in/participating-universities/,Do not display NTA parent name as a college; do not infer affiliated colleges or eligibility.
USHA MARTIN UNIVERSITY,Official constituent/affiliated college list plus programme-wise admission bulletin/seat matrix,"Exact college name, campus, programme, Class XII eligibility, CUET subjects, category/quota, seats, counselling route, historical cutoff",unavailable / not yet verified,https://cuet.nta.nic.in/participating-universities/,Do not display NTA parent name as a college; do not infer affiliated colleges or eligibility.
"VIDYA UNIVERSITY, MEERUT",Official constituent/affiliated college list plus programme-wise admission bulletin/seat matrix,"Exact college name, campus, programme, Class XII eligibility, CUET subjects, category/quota, seats, counselling route, historical cutoff",unavailable / not yet verified,https://cuet.nta.nic.in/participating-universities/,Do not display NTA parent name as a college; do not infer affiliated colleges or eligibility.
"VISHWA VISHWANI INSTITUTE OF SYSTEMS AND MANAGEMENT, HYDERABAD",Official constituent/affiliated college list plus programme-wise admission bulletin/seat matrix,"Exact college name, campus, programme, Class XII eligibility, CUET subjects, category/quota, seats, counselling route, historical cutoff",unavailable / not yet verified,https://cuet.nta.nic.in/participating-universities/,Do not display NTA parent name as a college; do not infer affiliated colleges or eligibility.
"VIVEKANANDA GLOBAL UNIVERSITY, JAIPUR, RAJASTHAN",Official constituent/affiliated college list plus programme-wise admission bulletin/seat matrix,"Exact college name, campus, programme, Class XII eligibility, CUET subjects, category/quota, seats, counselling route, historical cutoff",unavailable / not yet verified,https://cuet.nta.nic.in/participating-universities/,Do not display NTA parent name as a college; do not infer affiliated colleges or eligibility.
WORLD UNIVERSITY OF DESIGN,Official constituent/affiliated college list plus programme-wise admission bulletin/seat matrix,"Exact college name, campus, programme, Class XII eligibility, CUET subjects, category/quota, seats, counselling route, historical cutoff",unavailable / not yet verified,https://cuet.nta.nic.in/participating-universities/,Do not display NTA parent name as a college; do not infer affiliated colleges or eligibility.
FOOTWEAR DESIGN AND DEVELOPMENT INSTITUTE,Official constituent/affiliated college list plus programme-wise admission bulletin/seat matrix,"Exact college name, campus, programme, Class XII eligibility, CUET subjects, category/quota, seats, counselling route, historical cutoff",unavailable / not yet verified,https://cuet.nta.nic.in/participating-universities/,Do not display NTA parent name as a college; do not infer affiliated colleges or eligibility.
"GOVT. COLLEGE FOR WOMEN, PARADE GROUND, JAMMU",Official constituent/affiliated college list plus programme-wise admission bulletin/seat matrix,"Exact college name, campus, programme, Class XII eligibility, CUET subjects, category/quota, seats, counselling route, historical cutoff",unavailable / not yet verified,https://cuet.nta.nic.in/participating-universities/,Do not display NTA parent name as a college; do not infer affiliated colleges or eligibility.
INDIAN COUNCIL OF AGRICULTURAL RESEARCH (ICAR),Official constituent/affiliated college list plus programme-wise admission bulletin/seat matrix,"Exact college name, campus, programme, Class XII eligibility, CUET subjects, category/quota, seats, counselling route, historical cutoff",unavailable / not yet verified,https://cuet.nta.nic.in/participating-universities/,Do not display NTA parent name as a college; do not infer affiliated colleges or eligibility.
INDIAN INSTITUTE OF TOURISM & TRAVEL MANAGEMENT UNIVERSITY,Official constituent/affiliated college list plus programme-wise admission bulletin/seat matrix,"Exact college name, campus, programme, Class XII eligibility, CUET subjects, category/quota, seats, counselling route, historical cutoff",unavailable / not yet verified,https://cuet.nta.nic.in/participating-universities/,Do not display NTA parent name as a college; do not infer affiliated colleges or eligibility.
NATIONAL FORENSIC SCIENCES UNIVERSITY (NFSU),Official constituent/affiliated college list plus programme-wise admission bulletin/seat matrix,"Exact college name, campus, programme, Class XII eligibility, CUET subjects, category/quota, seats, counselling route, historical cutoff",unavailable / not yet verified,https://cuet.nta.nic.in/participating-universities/,Do not display NTA parent name as a college; do not infer affiliated colleges or eligibility.
"NATIONAL INSTITUTE OF FOOD TECHNOLOGY ENTREPRENEURSHIP AND MANAGEMENT, KUNDLI, (NIFTEM-K)",Official constituent/affiliated college list plus programme-wise admission bulletin/seat matrix,"Exact college name, campus, programme, Class XII eligibility, CUET subjects, category/quota, seats, counselling route, historical cutoff",unavailable / not yet verified,https://cuet.nta.nic.in/participating-universities/,Do not display NTA parent name as a college; do not infer affiliated colleges or eligibility.
RAJIV GANDHI INSTITUTE OF PETROLEUM TECHNOLOGY,Official constituent/affiliated college list plus programme-wise admission bulletin/seat matrix,"Exact college name, campus, programme, Class XII eligibility, CUET subjects, category/quota, seats, counselling route, historical cutoff",unavailable / not yet verified,https://cuet.nta.nic.in/participating-universities/,Do not display NTA parent name as a college; do not infer affiliated colleges or eligibility.
